name,email
"Group Da Nang 01",yenvtx@example.com
"Group Da Nang 01",quyhbn@example.com
"Group Da Nang 01",giangtnl@example.com
"Group Da Nang 01",thuyenttn@example.com
"Group Da Nang 01",toannlt@example.com
"Group Da Nang 01",hoaitt@gmail.com
"Group Da Nang 01",anhttt@example.com
"Group Da Nang 01",lanvtn@example.com
"Group Da Nang 01",ninhlp@example.com
"Group Da Nang 01",linhvtm@example.com
"Group Da Nang 01",huybq@example.com
"Group Da Nang 01",phongnv@example.com
"Group Da Nang 01",chunglt@example.com
"Group Da Nang 01",thoanb@example.com
"Group Da Nang 01",anhgh@example.com
"Group Da Nang 01",tuannd@example.com
"Group Da Nang 01",binhdt@example.com
"Group Da Nang 01",cuongt@example.com
"Group Da Nang 01",havv@example.com
"Group Da Nang 01",tienbt@example.com
"Group Da Nang 01",dungpp@example.com
"Group Da Nang 01",tungnq@example.com
"Group Da Nang 01",thuynt@example.com
"Group Da Nang 01",lucnx@example.com
"Group Da Nang 01",luannm@example.com
"Group Da Nang 01",chaultm@example.com
"Group Da Nang 01",binhvnt@example.com
"Group Da Nang 01",nguyenpt@example.com
"Group Da Nang 01",minh@example.com
"Group Da Nang 01",anhpmt@example.com
"Group Da Nang 01",toannn@example.com
"Group Da Nang 01",thien.tt@example.com
"Group Da Nang 01",dungpt@example.com
"Group Da Nang 01",vinh.ppvk@example.com
"Group Da Nang 01",lantn@example.com
"Group Da Nang 01",quoctm@example.com
"Group Da Nang 02",quynhlt@example.com
"Group Da Nang 02",hoai@example.com
"Group Da Nang 02",huynhq@example.com
"Group Da Nang 02",phuoclx@example.com
"Group Da Nang 02",duybk@example.com
"Group Da Nang 02",nghiph@example.com
"Group Da Nang 02",thanghdq@example.com
"Group Da Nang 02",thamnth@example.com
"Group Da Nang 02",dungttt@example.com
"Group Da Nang 02",trangpth@example.com
"Group Da Nang 02",nguhdd@example.com
"Group Da Nang 02",dungpt@example.com
"Group Da Nang 02",hungnd@example.com
"Group Da Nang 02",nguyetnt@example.com
"Group Da Nang 02",hieult@example.com
"Group Da Nang 02",nunt@example.com
"Group Da Nang 02",nyht@example.com
"Group Da Nang 02",PMOchtt@example.com
"Group Da Nang 02",quyhbn@example.com
"Group Da Nang 02",thinhtv@example.com
"Group Da Nang 02",giangtnl@example.com
"Group Da Nang 02",thachlh@example.com
"Group Da Nang 02",locbm@example.com
"Group Da Nang 02",binhdq@example.com
"Group Da Nang 02",maitnq@example.com
"Group Da Nang 02",vienll@example.com
"Group Da Nang 02",phattq@example.com
"Group Da Nang 02",huyenttn@example.com
"Group Da Nang 02",nhinty@example.com
"Group Da Nang 02",ninhlp@example.com
"Group Da Nang 02",ngocdh@example.com
"Group Da Nang 02",hiepltm@example.com
"Group Da Nang 02",thoanb@example.com
"Group Da Nang 02",tuanhc@example.com
"Group Da Nang 02",chunglv@example.com
"Group Da Nang 03",anhtm@example.com
"Group Da Nang 03",dungpp@example.com
"Group Da Nang 03",haihm1@example.com
"Group Da Nang 03",trieudbk@example.com
"Group Da Nang 03",duongnm@example.com
"Group Da Nang 03",duybk@example.com
"Group Da Nang 03",thuannp@example.com
"Group Da Nang 03",hanghdt@example.com
"Group Da Nang 03",duynn@example.com
"Group Da Nang 03",ninhlp@example.com
"Group Da Nang 03",yendh@example.com
"Group Da Nang 03",toannn@example.com
"Group Da Nang 03",linhhv1@example.com
"Group Da Nang 03",vulv@example.com
"Group Da Nang 03",manhlh@example.com
"Group Da Nang 03",toannlt@example.com
"Group Da Nang 03",sanglt@example.com
"Group Da Nang 03",lanltn@example.com
"Group Da Nang 03",hoaitt@example.com
"Group Da Nang 03",huyenttn@example.com
"Group Da Nang 03",linhvtm@example.com
"Group Da Nang 03",ngocdh@example.com
"Group Da Nang 03",phongnv@example.com
"Group Da Nang 03",thanhhc@example.com
"Group Da Nang 03",hiepltm@example.com
"Group Da Nang 03",haihq@example.com
"Group Da Nang 03",thoanb@example.com
"Group Da Nang 03",tuannd@example.com
"Group Da Nang 03",vunm@example.com
"Group Da Nang 03",quytt@example.com
"Group Da Nang 03",thuannd@example.com
"Group Da Nang 03",longtn@example.com
"Group Da Nang 03",tannv2@example.com
"Group Da Nang 03",tienbt@example.com
"Group Da Nang 03",khanhntn@example.com
"Group Da Nang 03",hanhlm@example.com
"Group Da Nang 04",cuongt@example.com
"Group Da Nang 04",anhmtn@example.com
"Group Da Nang 04",taidm@example.com
"Group Da Nang 04",duongpq@example.com
"Group Da Nang 04",canhpq@example.com
"Group Da Nang 04",tinhpv@example.com
"Group Da Nang 04",anhntl@example.com
"Group Da Nang 04",linhhv1@example.com
"Group Da Nang 04",nguhdd@example.com
"Group Da Nang 04",PMOoht@example.com
"Group Da Nang 04",lanvtn@example.com
"Group Da Nang 04",tramtt@example.com
"Group Da Nang 04",toannn@example.com
"Group Da Nang 04",haink@example.com
"Group Da Nang 04",hieuvt@example.com
"Group Da Nang 04",thien.tt@example.com
"Group Da Nang 04",thuyenttn@example.com
"Group Da Nang 04",thuy.btt@example.com
"Group Da Nang 04",nhantt@example.com
"Group Da Nang 04",thamnv@example.com
"Group Da Nang 04",thanhd@example.com
"Group Da Nang 04",anhttt@example.com
"Group Da Nang 04",thiemhc@example.com
"Group Da Nang 04",huyhn@example.com
"Group Da Nang 04",duyenntl@example.com
"Group Da Nang 04",hiennh@example.com
"Group Da Nang 04",thuanntn@example.com
"Group Da Nang 04",anhgh@example.com
"Group Da Nang 04",phongnh@example.com
"Group Da Nang 04",sontd@example.com
"Group Da Nang 04",vitt@example.com
"Group Da Nang 05",linhntm@example.com
"Group Da Nang 05",anhgh@example.com
"Group Da Nang 05",tuannd@example.com
"Group Da Nang 05",linhptk@example.com
"Group Da Nang 05",tannv1@example.com
"Group Da Nang 05",phongnv1@example.com
"Group Da Nang 05",trungvv@example.com
"Group Da Nang 05",longtn@example.com
"Group Da Nang 05",vietpb1@example.com
"Group Da Nang 05",anhmtn@example.com
"Group Da Nang 05",duclh@example.com
"Group Da Nang 05",huynhd@example.com
"Group Da Nang 05",quanpa@example.com
"Group Da Nang 05",khaln@example.com
"Group Da Nang 05",tramlth1@example.com
"Group Da Nang 05",canhpq@example.com
"Group Da Nang 05",hoavt@example.com
"Group Da Nang 05",sangntt@example.com
"Group Da Nang 05",ninhlp@example.com
"Group Da Nang 05",anhtp@example.com
"Group Da Nang 05",hieuvt@example.com
"Group Da Nang 05",luongdnt@example.com
"Group Da Nang 05",dungpt@example.com
"Group Da Nang 05",PMOclt@example.com
"Group Da Nang 05",nguyetnt@example.com
"Group Da Nang 05",anhpt@example.com
"Group Da Nang 05",quyhbn@example.com
"Group Da Nang 05",dattx@example.com
"Group Da Nang 05",toannlt@example.com
"Group Da Nang 05",hainv1@example.com
"Group Da Nang 05",ngandtk@example.com
"Group Da Nang 05",huydv@example.com
"Group Da Nang 05",huybq@example.com
"Group Da Nang 05",nhungltc@example.com
"Group Da Nang 05",lyhty@example.com
"Group Da Nang 05",cong.tt@example.com
"Group Da Nang 05",phongnv@example.com
"Group Da Nang 05",nhandt@example.com
"Group Da Nang 05",haihq@example.com
"Group Da Nang 05",chunglt@example.com
"Group Da Nang 05",quynhptn@example.com
"Group Da Nang 06",myntt@example.com
"Group Da Nang 06",anhttt@example.com
"Group Da Nang 06",hanth@example.com
"Group Da Nang 06",namch@example.com
"Group Da Nang 06",phongld@example.com
"Group Da Nang 06",thanhnhn@example.com
"Group Da Nang 06",linhnq@example.com
"Group Da Nang 06",hungnb@example.com
"Group Da Nang 06",truongtv@example.com
"Group Da Nang 06",anh.tm@example.com
"Group Da Nang 06",linhvtm@example.com
"Group Da Nang 06",danh.vv@example.com
"Group Da Nang 06",ngocdh@example.com
"Group Da Nang 06",hung.th@example.com
"Group Da Nang 06",ngandtk@example.com
"Group Da Nang 06",hue.ttm@example.com
"Group Da Nang 06",hiepltm@example.com
"Group Da Nang 06",thao.ntm@example.com
"Group Da Nang 06",chunglt@example.com
"Group Da Nang 06",thuy.btt@example.com
"Group Da Nang 06",tuannd@example.com
"Group Da Nang 06",anhnhn@example.com
"Group Da Nang 06",nhiht@example.com
"Group Da Nang 06",linhptk@example.com
"Group Da Nang 06",minhnt3@example.com
"Group Da Nang 06",longtn@example.com
"Group Da Nang 06",huynhd@example.com
"Group Da Nang 06",thuandv@example.com
"Group Da Nang 06",huytd@example.com
"Group Da Nang 06",nhungph@example.com
"Group Da Nang 06",viptt@example.com
"Group Da Nang 06",tramlth@example.com
"Group Da Nang 06",haihm1@example.com
"Group Da Nang 06",duybk@example.com
"Group Da Nang 06",hoavt@example.com
"Group Da Nang 06",anhgh@example.com
"Group Da Nang 06",thanghdq@example.com
"Group Da Nang 06",lantn@example.com
"Group Da Nang 06",tinhpv@example.com
"Group Da Nang 06",thuyenttn@example.com
"Group Da Nang 06",lypvh@example.com
"Group Da Nang 06",maitnq@example.com
"Group Da Nang 06",dungttt@example.com
"Group Da Nang 06",hoaitt@example.com
"Group Da Nang 07",nhiht@example.com
"Group Da Nang 07",linhptk@example.com
"Group Da Nang 07",sontd@example.com
"Group Da Nang 07",minhnt3@example.com
"Group Da Nang 07",longtn@example.com
"Group Da Nang 07",tannv2@example.com
"Group Da Nang 07",chind@example.com
"Group Da Nang 07",phut@example.com
"Group Da Nang 07",tuynn@example.com
"Group Da Nang 07",khangpt@example.com
"Group Da Nang 07",toannn@example.com
"Group Da Nang 07",ngocnth@example.com
"Group Da Nang 07",hieuvt@example.com
"Group Da Nang 07",tramlth1@example.com
"Group Da Nang 07",trangpth@example.com
"Group Da Nang 07",PMOclt@example.com
"Group Da Nang 07",dungpt@example.com
"Group Da Nang 07",dungbt@example.com
"Group Da Nang 07",locbm@example.com
"Group Da Nang 07",nyht@example.com
"Group Da Nang 07",toannlt@example.com
"Group Da Nang 07",tuannq@example.com
"Group Da Nang 07",namtvd@example.com
"Group Da Nang 07",ducna@example.com
"Group Da Nang 07",thanhd@example.com
"Group Da Nang 07",quynt@example.com
"Group Da Nang 07",ngandtk@example.com
"Group Da Nang 07",truongtv@example.com
"Group Da Nang 07",linh.nq@example.com
"Group Da Nang 07",binhttk@example.com
"Group Da Nang 07",lyhty@example.com
"Group Da Nang 07",duyenntl@example.com
"Group Da Nang 07",haihq@example.com
"Group Da Nang 07",chunglt@example.com
"Group Da Nang 07",linhntm@example.com
"Group Da Nang 07",minhvh@example.com
"Group Da Nang 07",vunm@example.com
"Group Da Nang 08",ninhlp@example.com
"Group Da Nang 08",huyhn@example.com
"Group Da Nang 08",lyhty@example.com
"Group Da Nang 08",hiennh@example.com
"Group Da Nang 08",vunm@example.com
"Group Da Nang 08",linhptk@example.com
"Group Da Nang 08",trungvv@example.com
"Group Da Nang 08",longtn@example.com
"Group Da Nang 08",vietpb1@example.com
"Group Da Nang 08",sangnx@example.com
"Group Da Nang 08",cuongnhq@example.com
"Group Da Nang 08",thunv@example.com
"Group Da Nang 08",ngocnth@example.com
"Group Da Nang 08",trieuphc@example.com
"Group Da Nang 08",tuyenhh@example.com
"Group Da Nang 08",hoavt@example.com
"Group Da Nang 08",tuantq@example.com
"Group Da Nang 08",hanghdt@example.com
"Group Da Nang 08",lypvh@example.com
"Group Da Nang 08",hungvv@example.com
"Group Da Nang 08",anhpmt@example.com
"Group Da Nang 08",trieudbk@example.com
"Group Da Nang 08",thien.tt@example.com
"Group Da Nang 08",dungpt@example.com
"Group Da Nang 08",giangtnl@example.com
"Group Da Nang 08",nghiant1@example.com
"Group Da Nang 08",vuonglm@example.com
"Group Da Nang 08",thamnv@example.com
"Group Da Nang 08",thanhd@example.com
"Group Da Nang 09",hungpt@example.com
"Group Da Nang 09",thuanntn@example.com
"Group Da Nang 09",quanvt@example.com
"Group Da Nang 09",nhiht@example.com
"Group Da Nang 09",sanglt@example.com
"Group Da Nang 09",phongnh@example.com
"Group Da Nang 09",anh.tm@example.com
"Group Da Nang 09",sontd@example.com
"Group Da Nang 09",truong.nq@example.com
"Group Da Nang 09",vitt@example.com
"Group Da Nang 09",thoang.ln@example.com
"Group Da Nang 09",vietpb1@example.com
"Group Da Nang 09",tienbt@example.com
"Group Da Nang 09",khanhntn@example.com
"Group Da Nang 09",sontvt@example.com
"Group Da Nang 09",dungpp@example.com
"Group Da Nang 09",tramlth1@example.com
"Group Da Nang 09",maintq@example.com
"Group Da Nang 09",hoavt@example.com
"Group Da Nang 09",tuandh@example.com
"Group Da Nang 09",tuantq@example.com
"Group Da Nang 09",linhdb@example.com
"Group Da Nang 09",anhntl@example.com
"Group Da Nang 09",trilvm@example.com
"Group Da Nang 09",PMOclt@example.com
"Group Da Nang 09",luannm@example.com
"Group Da Nang 09",nhungntt@example.com
"Group Da Nang 09",thuannp@example.com
"Group Da Nang 09",duytt1@example.com
"Group Da Nang 09",hieuvt@example.com
"Group Da Nang 09",binhvnt@example.com
"Group Da Nang 09",lantn@example.com
"Group Da Nang 09",quoctv@example.com
"Group Da Nang 09",toannlt@example.com
"Group Da Nang 09",thanhnhn@example.com
"Group Da Nang 09",maitnq@example.com
"Group Da Nang 09",namch@example.com
"Group Da Nang 10",vinhtv@example.com
"Group Da Nang 10",minhlq@example.com
"Group Da Nang 10",trieuphc@example.com
"Group Da Nang 10",hungpt@example.com
"Group Da Nang 10",canhpq@example.com
"Group Da Nang 10",quanvt@example.com
"Group Da Nang 10",maintq@example.com
"Group Da Nang 10",thanhpx@example.com
"Group Da Nang 10",lynhl@example.com
"Group Da Nang 10",trungnt@example.com
"Group Da Nang 10",tinhpv@example.com
"Group Da Nang 10",duc.nt@example.com
"Group Da Nang 10",toannn@example.com
"Group Da Nang 10",tuantq@example.com
"Group Da Nang 10",tan.vd@example.com
"Group Da Nang 10",trangpth@example.com
"Group Da Nang 10",thaoht@example.com
"Group Da Nang 10",hang.pt@example.com
"Group Da Nang 10",thachlh@example.com
"Group Da Nang 10",tuynn@example.com
"Group Da Nang 10",tan.tq@example.com
"Group Da Nang 10",locbm@example.com
"Group Da Nang 10",hunghx@example.com
"Group Da Nang 10",hoang.hv@example.com
"Group Da Nang 10",toannlt@example.com
"Group Da Nang 10",bichht@example.com
"Group Da Nang 10",vinh.ppvk@example.com
"Group Da Nang 10",anhttt@example.com
"Group Da Nang 10",nguhdd@example.com
"Group Da Nang 10",namch@example.com
"Group Da Nang 10",anhdtt@example.com
"Group Da Nang 10",thiemhc@example.com
"Group Da Nang 10",chienpv@example.com
"Group Da Nang 10",duyenntl@example.com
"Group Da Nang 10",quynhptn@example.com
"Group Da Nang 10",minhvh@example.com
"Group Da Nang 10",tuannd@example.com
"Group Da Nang 10",tannv1@example.com
"Group Da Nang 10",phongnv1@example.com
"Group Da Nang 10",trungvv@example.com
"Group Da Nang 10",vietpb1@example.com
"Group Da Nang 10",quoctd@example.com
"Group Da Nang 10",tramtt@example.com
"Group Da Nang 10",tamnd@example.com
"Group Da Nang 10",anhpt@example.com
"Group Da Nang 10",hainv1@example.com
"Group Da Nang 10",huynhd@example.com
"Group Da Nang 10",luannm@example.com
"Group Da Nang 10",duongpq@example.com
"Group Da Nang 10",typv@example.com
"Group Da Nang 10",sangnx@example.com
"Group Da Nang 10",giangtt@example.com
"Group Da Nang 10",tienbt@example.com
"Group Da Nang 10",duytt1@example.com
"Group Da Nang 10",chind@example.com
"Group Da Nang 10",dungbt@example.com
"Group Da Nang 10",hanhlm@example.com
"Group Da Nang 10",phipt@example.com
"Group Da Nang 10",viptt@example.com
"Group Da Nang 10",nguyenpt@example.com
"Group Da Nang 10",dungpp@example.com
"Group Hue 01",thanghdq@example.com
"Group Hue 01",tuandh@example.com
"Group Hue 01",binhqd@example.com
"Group Hue 01",thaith@example.com
"Group Hue 01",tuyennds@example.com
"Group Hue 01",khanhht@example.com
"Group Hue 01",toantc@example.com
"Group Hue 01",vinhtv@example.com
"Group Hue 01",quoctv@example.com
"Group Hue 01",anh.tm@example.com
"Group Hue 01",hang.pt@example.com
"Group Hue 01",thao.tv@example.com
"Group Hue 01",hieuvt@example.com
"Group Hue 01",thamnth@example.com
"Group Hue 01",namtvd@example.com
"Group Hue 01",huyhn@example.com
"Group Hue 01",hiennh@example.com
"Group Hue 01",sontd@example.com
"Group Hue 01",minhnt3@example.com
"Group Hue 01",vietpb1@example.com
"Group Hue 01",taidm@example.com
"Group Hue 01",sangnx@example.com
"Group Hue 01",vutq@example.com
"Group Hue 01",chind@example.com
"Group Hue 01",phut@example.com
"Group Hue 01",khangpt@example.com
"Group Hue 01",duongnm@example.com
"Group Hue 01",lynhl@example.com
"Group Hue 01",hoavt@example.com
"Group Hue 01",sangntt@example.com
"Group Hue 02",hienvv@example.com
"Group Hue 02",duongpq@example.com
"Group Hue 02",khanhntn@example.com
"Group Hue 02",nhungph@example.com
"Group Hue 02",dungpp@example.com
"Group Hue 02",ngocnth@example.com
"Group Hue 02",canhpq@example.com
"Group Hue 02",phattt@example.com
"Group Hue 02",thanghdq@example.com
"Group Hue 02",tuantq@example.com
"Group Hue 02",thuannp@example.com
"Group Hue 02",lypvh@example.com
"Group Hue 02",linhdb@example.com
"Group Hue 02",toannn@example.com
"Group Hue 02",tuynn@example.com
"Group Hue 02",trangpth@example.com
"Group Hue 02",anhntl@example.com
"Group Hue 02",nguyetnt@example.com
"Group Hue 02",thangvm@example.com
"Group Hue 02",thachlh@example.com
"Group Hue 02",trilvm@example.com
"Group Hue 02",toannlt@example.com
"Group Hue 02",hunghx@example.com
"Group Hue 02",ngocdh@example.com
"Group Hue 02",nguhdd@example.com
"Group Hue 02",myntt@example.com
"Group Hue 02",chienpv@example.com
"Group Hue 02",typv@example.com
"Group Hue 02",hoangld@example.com
"Group Hue 02",vinhtv@example.com
"Group Hue 02",phongnv@example.com
"Group Hue 02",quoctv@example.com
"Group Hue 02",thanhhc@example.com
"Group Hue 02",thanhnhn@example.com
"Group Hue 02",thoanb@example.com
"Group Hue 02",anh.tm@example.com
"Group Hue 02",quynhptn@example.com
"Group Hue 02",son.pv@example.com
"Group Hue 02",tuannd@example.com
"Group Hue 02",vunm@example.com
"Group Hue 02",nhiht@example.com
"Group Hue 02",trungvv@example.com
"Group Hue 03",lyhty@example.com
"Group Hue 03",thidd1@example.com
"Group Hue 03",thuanntn@example.com
"Group Hue 03",hieult@example.com
"Group Hue 03",dieuttx@example.com
"Group Hue 03",ducph@example.com
"Group Hue 03",phipt@example.com
"Group Hue 03",hiepltm@example.com
"Group Hue 03",truongth@example.com
"Group Hue 03",chunglt@example.com
"Group Hue 03",datlt@example.com
"Group Hue 03",tuannd@example.com
"Group Hue 03",nyht@example.com
"Group Hue 03",nhiht@example.com
"Group Hue 03",quoctv@example.com
"Group Hue 03",phongnh@example.com
"Group Hue 03",cuongvv@example.com
"Group Hue 03",sontd@example.com
"Group Hue 03",quynx@example.com
"Group Hue 03",vitt@example.com
"Group Hue 03",linhnq@example.com
"Group Hue 03",binhdt@example.com
"Group Hue 03",quanvt@example.com
"Group Hue 03",tamnd@example.com
"Group Hue 03",linh.nq@example.com
"Group Hue 03",chind@example.com
"Group Hue 03",anh.dtt@example.com
"Group Hue 03",nhungph@example.com
"Group Hue 03",trung.vh@example.com
"Group Hue 03",viptt@example.com
"Group Hue 03",dung.nt@example.com
"Group Hue 03",haitt@example.com
"Group Hue 03",trieuphc@example.com
"Group Hue 03",tramlth1@example.com
"Group Hue 03",canhpq@example.com
"Group Hue 03",tungnq@example.com
"Group Hue 03",thaoht@example.com
"Group Hue 03",linhdb@example.com
"Group Hue 03",anhtp@example.com
"Group Hue 03",nghiant1@example.com
"Group Hue 03",thachlh@example.com
"Group Hue 03",anhmt@example.com
"Group Hue 03",vinhkn@example.com
"Group Hue 03",nhatnq@example.com
"Group Hue 03",ngandtk@example.com
"Group Hue 03",tuanlvt@example.com
"Group Hue 04",hanth@example.com
"Group Hue 04",phongnh@example.com
"Group Hue 04",phongld@example.com
"Group Hue 04",trungvv@example.com
"Group Hue 04",longtn@example.com
"Group Hue 04",haink@example.com
"Group Hue 04",vietpb1@example.com
"Group Hue 04",thongtv@example.com
"Group Hue 04",anhmtn@example.com
"Group Hue 04",thuy.btt@example.com
"Group Hue 04",tamnd@example.com
"Group Hue 04",chind@example.com
"Group Hue 04",dungpp@example.com
"Group Hue 04",tramlth1@example.com
"Group Hue 04",duybk@example.com
"Group Hue 04",hoavt@example.com
"Group Hue 04",thanghdq@example.com
"Group Hue 04",tuandh@example.com
"Group Hue 04",tuantq@example.com
"Group Hue 04",hanghdt@example.com
"Group Hue 04",thaoht@example.com
"Group Hue 04",hieuvt@example.com
"Group Hue 04",linhdb@example.com
"Group Hue 04",trangpth@example.com
"Group Hue 04",dungpt@example.com
"Group Hue 04",anhtp@example.com
"Group Hue 04",PMOchtt@example.com
"Group Hue 04",linhhv1@example.com
"Group Hue 04",toannlt@example.com
"Group Hue 04",hunghx@example.com
"Group Hue 04",maitnq@example.com
"Group Hue 04",nguhdd@example.com
"Group Hue 04",thamnv@example.com
"Group Hue 04",hoaitt@example.com
"Group Hue 04",quoctd@example.com
"Group Hue 04",namtvd@example.com
"Group Hue 04",PMOoht@example.com
"Group Hue 04",thanhd@example.com
"Group Hue 04",hungnm@example.com
"Group Hue 04",ngandtk@example.com
"Group Hue 04",huyhn@example.com
"Group Hue 04",hiennh@example.com
"Group Hue 04",takamiya@example.com
"Group Hue 04",haihq@example.com
"Group Hue 04",anhgh@example.com
"Group Hue 05",thaith@example.com
"Group Hue 05",tuynn@example.com
"Group Hue 05",binhqd@example.com
"Group Hue 05",phuongntn@example.com
"Group Hue 05",danhdc@example.com
"Group Hue 05",nguhdd@example.com
"Group Hue 05",huanvt@example.com
"Group Hue 05",nguyennq@example.com
"Group Hue 05",quoctd@example.com
"Group Hue 05",tramtt@example.com
"Group Hue 05",trangpth@example.com
"Group Hue 05",tridc@example.com
"Group Hue 05",nguyetnt@example.com
"Group Hue 05",duyensht@example.com
"Group Hue 05",ducnx@example.com
"Group Hue 05",nunt@example.com
"Group Hue 05",khaitd@example.com
"Group Hue 05",trungpt@example.com
"Group Hue 05",PMOchtt@example.com
"Group Hue 05",vycbn@example.com
"Group Hue 05",locbm@example.com
"Group Hue 05",oanhvtk@example.com
"Group Hue 05",thuyenttn@example.com
"Group Hue 05",linhvtc@example.com
"Group Hue 05",toannlt@example.com
"Group Hue 05",taivt@example.com
"Group Hue 05",thamnv@example.com
"Group Hue 05",kieuntt@example.com
"Group Hue 05",huyenttn@example.com
"Group Hue 05",duynt@example.com
"Group Hue 05",anhttt@example.com
"Group Hue 05",tuongdh@example.com
"Group Hue 05",vinhkn@example.com
"Group Hue 05",nghiaht@example.com
"Group Hue 05",lanvtn@example.com
"Group Hue 05",tuna@example.com
"Group Hue 05",ninhlp@example.com
"Group Hue 05",phuocln@example.com
"Group Hue 05",ngocdh@example.com
"Group Hue 05",thienhv@example.com
"Group Hue 05",binhttk@example.com
"Group Hue 05",hoangbv@example.com
"Group Hue 05",chunglv@example.com
"Group Hue 05",hoald@example.com
"Group Hue 05",anhgh@example.com
"Group Hue 05",nhanht@example.com
"Group Hue 05",hoanglvh@example.com
"Group Hue 05",anhnhn@example.com
"Group Hue 05",lamlqd@example.com
"Group Hue 05",sontd@example.com
"Group Hue 05",PMOds@example.com
"Group Hue 05",minhnt3@example.com
"Group Hue 05",hains@example.com
"Group Hue 05",trungvv@example.com
"Group Hue 05",duongpt@example.com
"Group Hue 05",longtn@example.com
"Group Hue 05",manhlh@example.com
"Group Hue 05",duongpq@example.com
"Group Hue 05",hanhbx@example.com
"Group Hue 05",hanhlm@example.com
"Group Hue 05",tuantq@example.com
"Group Hue 06",hanghdt@example.com
"Group Hue 06",linhdb@example.com
"Group Hue 06",binhqd@example.com
"Group Hue 06",trilvm@example.com
"Group Hue 06",nguhdd@example.com
"Group Hue 06",chienpv@example.com
"Group Hue 06",quoctd@example.com
"Group Hue 06",tridc@example.com
"Group Hue 06",thinhnd@example.com
"Group Hue 06",nguyennq@example.com
"Group Hue 06",hungnv@example.com
"Group Hue 06",nguyetnt@example.com
"Group Hue 06",tuyennds@example.com
"Group Hue 06",nunt@example.com
"Group Hue 06",quoctv@example.com
"Group Hue 06",cong.tt@example.com
"Group Hue 06",PMOchtt@example.com
"Group Hue 06",vulv@example.com
"Group Hue 06",dung.bm@example.com
"Group Hue 06",nghiant1@example.com
"Group Hue 06",hien.hp@example.com
"Group Hue 06",locbm@example.com
"Group Hue 06",binhdq@example.com
"Group Hue 06",toannlt@example.com
"Group Hue 06",maitnq@example.com
"Group Hue 06",thamnv@example.com
"Group Hue 06",namtvd@example.com
"Group Hue 06",thanhd@example.com
"Group Hue 06",ninhlp@example.com
"Group Hue 06",ngandtk@example.com
"Group Hue 06",anhgh@example.com
"Group Hue 06",sontd@example.com
"Group Hue 06",minhnt3@example.com
"Group Hue 06",trungvv@example.com
"Group Hue 06",longtn@example.com
"Group Hue 06",dungpp@example.com
"Group Hue 06",maintq@example.com
"Group Hue 06",thuannp@example.com
"Group Hue 07",hungnd@example.com
"Group Hue 07",loctx@example.com
"Group Hue 07",lucnx@example.com
"Group Hue 07",anhltn1@example.com
"Group Hue 07",giangtt@example.com
"Group Hue 07",duytt1@example.com
"Group Hue 07",binhvnt@example.com
"Group Hue 07",anhpmt@example.com
"Group Hue 07",datlt@example.com
"Group Hue 07",hoai@example.com
"Group Hue 07",quanvt@example.com
"Group Hue 07",dungpt@example.com
"Group Hue 07",linh.nq@example.com
"Group Hue 07",yenvtx@example.com
"Group Hue 07",truong.nq@example.com
"Group Hue 07",thuyenttn@example.com
"Group Hue 07",huybq@example.com
"Group Hue 07",lyhty@example.com
"Group Hue 07",ducph@example.com
"Group Hue 07",anhgh@example.com
"Group Hue 07",minhnt3@example.com
"Group Hue 07",havv@example.com
"Group Hue 07",vietpb1@example.com
"Group Hue 07",tamnd@example.com
"Group Hue 07",maintq@example.com
"Group Hue 07",duynn@example.com
"Group Hue 07",nguhdd@example.com
"Group Hue 07",nhatnq@example.com
"Group Hue 07",tuanlvt@example.com
